{"start": [-0.4016928728164273, 0.1046684914655167, 0.048604947446825315], "goal": [0.019927174233072147, 0.31352611834438887, 0.00013298942999567662]}